<!--
  Grid 640px x 480px
  Big Box = 28px x 28 px
  Small Box = 4px x 4px
  Inner Bars = 4px
  Outer bars = 2px
  Colours are in ARGB:
  - Red = 0xFFFF0000
  - White = 0xFFFFFFFF
  - Black = 0xFF000000
-->
<Skin name="Grid">
  <Information>
    <Author>si_kabayan</Author>
    <Copyright>Copyright 2023</Copyright>
    <Version>0.1</Version>
  </Information>
  <LoadingScreen ShowInfo="False" />
  <Main Globe="False" Orb="False" Fog="False">
    <!-- Background -->
    <Shape Type="Rectangle" Left="1" Top="1" Width="640" Height="480" BackColor="0xFF000000" />
    <!-- Menu -->
    <Menu ShowIcon="False" Align="Middle" ShowArrows="False">
      <Position Top="200" Left="180" Height="90" MaxItem="3" />
    </Menu>
    <!-- Horizontal Red -->
    <Shape Type="Rectangle" Left="1" Top="1" Width="640" Height="2" BackColor="0xFFFF0000" />
    <Shape Type="Rectangle" Left="1" Top="31" Width="640" Height="4" BackColor="0xFFFF0000" />
    <Shape Type="Rectangle" Left="1" Top="63" Width="640" Height="4" BackColor="0xFFFF0000" />
    <Shape Type="Rectangle" Left="1" Top="95" Width="640" Height="4" BackColor="0xFFFF0000" />
    <Shape Type="Rectangle" Left="1" Top="127" Width="640" Height="4" BackColor="0xFFFF0000" />
    <Shape Type="Rectangle" Left="1" Top="159" Width="640" Height="4" BackColor="0xFFFF0000" />
    <Shape Type="Rectangle" Left="1" Top="191" Width="640" Height="4" BackColor="0xFFFF0000" />
    <Shape Type="Rectangle" Left="1" Top="223" Width="640" Height="4" BackColor="0xFFFF0000" />
    <Shape Type="Rectangle" Left="1" Top="255" Width="640" Height="4" BackColor="0xFFFF0000" />
    <Shape Type="Rectangle" Left="1" Top="287" Width="640" Height="4" BackColor="0xFFFF0000" />
    <Shape Type="Rectangle" Left="1" Top="319" Width="640" Height="4" BackColor="0xFFFF0000" />
    <Shape Type="Rectangle" Left="1" Top="351" Width="640" Height="4" BackColor="0xFFFF0000" />
    <Shape Type="Rectangle" Left="1" Top="383" Width="640" Height="4" BackColor="0xFFFF0000" />
    <Shape Type="Rectangle" Left="1" Top="415" Width="640" Height="4" BackColor="0xFFFF0000" />
    <Shape Type="Rectangle" Left="1" Top="447" Width="640" Height="4" BackColor="0xFFFF0000" />
    <Shape Type="Rectangle" Left="1" Top="479" Width="640" Height="4" BackColor="0xFFFF0000" />
    <!-- Vertical Red -->
    <Shape Type="Rectangle" Left="1" Top="1" Width="2" Height="480" BackColor="0xFFFF0000" />
    <Shape Type="Rectangle" Left="31" Top="1" Width="4" Height="480" BackColor="0xFFFF0000" />
    <Shape Type="Rectangle" Left="63" Top="1" Width="4" Height="480" BackColor="0xFFFF0000" />
    <Shape Type="Rectangle" Left="95" Top="1" Width="4" Height="480" BackColor="0xFFFF0000" />
    <Shape Type="Rectangle" Left="127" Top="1" Width="4" Height="480" BackColor="0xFFFF0000" />
    <Shape Type="Rectangle" Left="159" Top="1" Width="4" Height="480" BackColor="0xFFFF0000" />
    <Shape Type="Rectangle" Left="191" Top="1" Width="4" Height="480" BackColor="0xFFFF0000" />
    <Shape Type="Rectangle" Left="223" Top="1" Width="4" Height="480" BackColor="0xFFFF0000" />
    <Shape Type="Rectangle" Left="255" Top="1" Width="4" Height="480" BackColor="0xFFFF0000" />
    <Shape Type="Rectangle" Left="287" Top="1" Width="4" Height="480" BackColor="0xFFFF0000" />
    <Shape Type="Rectangle" Left="319" Top="1" Width="4" Height="480" BackColor="0xFFFF0000" />
    <Shape Type="Rectangle" Left="351" Top="1" Width="4" Height="480" BackColor="0xFFFF0000" />
    <Shape Type="Rectangle" Left="383" Top="1" Width="4" Height="480" BackColor="0xFFFF0000" />
    <Shape Type="Rectangle" Left="415" Top="1" Width="4" Height="480" BackColor="0xFFFF0000" />
    <Shape Type="Rectangle" Left="447" Top="1" Width="4" Height="480" BackColor="0xFFFF0000" />
    <Shape Type="Rectangle" Left="479" Top="1" Width="4" Height="480" BackColor="0xFFFF0000" />
    <Shape Type="Rectangle" Left="511" Top="1" Width="4" Height="480" BackColor="0xFFFF0000" />
    <Shape Type="Rectangle" Left="543" Top="1" Width="4" Height="480" BackColor="0xFFFF0000" />
    <Shape Type="Rectangle" Left="575" Top="1" Width="4" Height="480" BackColor="0xFFFF0000" />
    <Shape Type="Rectangle" Left="607" Top="1" Width="4" Height="480" BackColor="0xFFFF0000" />
    <Shape Type="Rectangle" Left="639" Top="1" Width="4" Height="480" BackColor="0xFFFF0000" />
    <!-- Horizontal White -->
    <Shape Type="Rectangle" Left="33" Top="33" Width="575" Height="2" BackColor="0xFFFFFFFF" />
    <Shape Type="Rectangle" Left="33" Top="63" Width="575" Height="4" BackColor="0xFFFFFFFF" />
    <Shape Type="Rectangle" Left="33" Top="95" Width="575" Height="4" BackColor="0xFFFFFFFF" />
    <Shape Type="Rectangle" Left="33" Top="127" Width="575" Height="4" BackColor="0xFFFFFFFF" />
    <Shape Type="Rectangle" Left="33" Top="159" Width="575" Height="4" BackColor="0xFFFFFFFF" />
    <Shape Type="Rectangle" Left="33" Top="191" Width="575" Height="4" BackColor="0xFFFFFFFF" />
    <Shape Type="Rectangle" Left="33" Top="223" Width="575" Height="4" BackColor="0xFFFFFFFF" />
    <Shape Type="Rectangle" Left="33" Top="255" Width="575" Height="4" BackColor="0xFFFFFFFF" />
    <Shape Type="Rectangle" Left="33" Top="287" Width="575" Height="4" BackColor="0xFFFFFFFF" />
    <Shape Type="Rectangle" Left="33" Top="319" Width="575" Height="4" BackColor="0xFFFFFFFF" />
    <Shape Type="Rectangle" Left="33" Top="351" Width="575" Height="4" BackColor="0xFFFFFFFF" />
    <Shape Type="Rectangle" Left="33" Top="383" Width="575" Height="4" BackColor="0xFFFFFFFF" />
    <Shape Type="Rectangle" Left="33" Top="415" Width="575" Height="4" BackColor="0xFFFFFFFF" />
    <Shape Type="Rectangle" Left="33" Top="446" Width="575" Height="2" BackColor="0xFFFFFFFF" />
    <!-- Vertical White -->
    <Shape Type="Rectangle" Left="33" Top="33" Width="2" Height="415" BackColor="0xFFFFFFFF" />
    <Shape Type="Rectangle" Left="63" Top="33" Width="4" Height="415" BackColor="0xFFFFFFFF" />
    <Shape Type="Rectangle" Left="95" Top="33" Width="4" Height="415" BackColor="0xFFFFFFFF" />
    <Shape Type="Rectangle" Left="127" Top="33" Width="4" Height="415" BackColor="0xFFFFFFFF" />
    <Shape Type="Rectangle" Left="159" Top="33" Width="4" Height="415" BackColor="0xFFFFFFFF" />
    <Shape Type="Rectangle" Left="191" Top="33" Width="4" Height="415" BackColor="0xFFFFFFFF" />
    <Shape Type="Rectangle" Left="223" Top="33" Width="4" Height="415" BackColor="0xFFFFFFFF" />
    <Shape Type="Rectangle" Left="255" Top="33" Width="4" Height="415" BackColor="0xFFFFFFFF" />
    <Shape Type="Rectangle" Left="287" Top="33" Width="4" Height="415" BackColor="0xFFFFFFFF" />
    <Shape Type="Rectangle" Left="319" Top="33" Width="4" Height="415" BackColor="0xFFFFFFFF" />
    <Shape Type="Rectangle" Left="351" Top="33" Width="4" Height="415" BackColor="0xFFFFFFFF" />
    <Shape Type="Rectangle" Left="383" Top="33" Width="4" Height="415" BackColor="0xFFFFFFFF" />
    <Shape Type="Rectangle" Left="415" Top="33" Width="4" Height="415" BackColor="0xFFFFFFFF" />
    <Shape Type="Rectangle" Left="447" Top="33" Width="4" Height="415" BackColor="0xFFFFFFFF" />
    <Shape Type="Rectangle" Left="479" Top="33" Width="4" Height="415" BackColor="0xFFFFFFFF" />
    <Shape Type="Rectangle" Left="511" Top="33" Width="4" Height="415" BackColor="0xFFFFFFFF" />
    <Shape Type="Rectangle" Left="543" Top="33" Width="4" Height="415" BackColor="0xFFFFFFFF" />
    <Shape Type="Rectangle" Left="575" Top="33" Width="4" Height="415" BackColor="0xFFFFFFFF" />
    <Shape Type="Rectangle" Left="606" Top="33" Width="2" Height="415" BackColor="0xFFFFFFFF" />
    <!-- Squares -->
    <Shape Type="Rectangle" Left="14" Top="14" Width="4" Height="4" BackColor="0xFFFF0000" />
    <Shape Type="Rectangle" Left="46" Top="14" Width="4" Height="4" BackColor="0xFFFF0000" />
    <Shape Type="Rectangle" Left="78" Top="14" Width="4" Height="4" BackColor="0xFFFF0000" />
    <Shape Type="Rectangle" Left="110" Top="14" Width="4" Height="4" BackColor="0xFFFF0000" />
    <Shape Type="Rectangle" Left="142" Top="14" Width="4" Height="4" BackColor="0xFFFF0000" />
    <Shape Type="Rectangle" Left="174" Top="14" Width="4" Height="4" BackColor="0xFFFF0000" />
    <Shape Type="Rectangle" Left="206" Top="14" Width="4" Height="4" BackColor="0xFFFF0000" />
    <Shape Type="Rectangle" Left="238" Top="14" Width="4" Height="4" BackColor="0xFFFF0000" />
    <Shape Type="Rectangle" Left="270" Top="14" Width="4" Height="4" BackColor="0xFFFF0000" />
    <Shape Type="Rectangle" Left="302" Top="14" Width="4" Height="4" BackColor="0xFFFF0000" />
    <Shape Type="Rectangle" Left="334" Top="14" Width="4" Height="4" BackColor="0xFFFF0000" />
    <Shape Type="Rectangle" Left="366" Top="14" Width="4" Height="4" BackColor="0xFFFF0000" />
    <Shape Type="Rectangle" Left="398" Top="14" Width="4" Height="4" BackColor="0xFFFF0000" />
    <Shape Type="Rectangle" Left="430" Top="14" Width="4" Height="4" BackColor="0xFFFF0000" />
    <Shape Type="Rectangle" Left="462" Top="14" Width="4" Height="4" BackColor="0xFFFF0000" />
    <Shape Type="Rectangle" Left="494" Top="14" Width="4" Height="4" BackColor="0xFFFF0000" />
    <Shape Type="Rectangle" Left="526" Top="14" Width="4" Height="4" BackColor="0xFFFF0000" />
    <Shape Type="Rectangle" Left="558" Top="14" Width="4" Height="4" BackColor="0xFFFF0000" />
    <Shape Type="Rectangle" Left="590" Top="14" Width="4" Height="4" BackColor="0xFFFF0000" />
    <Shape Type="Rectangle" Left="622" Top="14" Width="4" Height="4" BackColor="0xFFFF0000" />
    <Shape Type="Rectangle" Left="14" Top="46" Width="4" Height="4" BackColor="0xFFFF0000" />
    <Shape Type="Rectangle" Left="46" Top="46" Width="4" Height="4" BackColor="0xFFFFFFFF" />
    <Shape Type="Rectangle" Left="78" Top="46" Width="4" Height="4" BackColor="0xFFFFFFFF" />
    <Shape Type="Rectangle" Left="110" Top="46" Width="4" Height="4" BackColor="0xFFFFFFFF" />
    <Shape Type="Rectangle" Left="142" Top="46" Width="4" Height="4" BackColor="0xFFFFFFFF" />
    <Shape Type="Rectangle" Left="174" Top="46" Width="4" Height="4" BackColor="0xFFFFFFFF" />
    <Shape Type="Rectangle" Left="206" Top="46" Width="4" Height="4" BackColor="0xFFFFFFFF" />
    <Shape Type="Rectangle" Left="238" Top="46" Width="4" Height="4" BackColor="0xFFFFFFFF" />
    <Shape Type="Rectangle" Left="270" Top="46" Width="4" Height="4" BackColor="0xFFFFFFFF" />
    <Shape Type="Rectangle" Left="302" Top="46" Width="4" Height="4" BackColor="0xFFFFFFFF" />
    <Shape Type="Rectangle" Left="334" Top="46" Width="4" Height="4" BackColor="0xFFFFFFFF" />
    <Shape Type="Rectangle" Left="366" Top="46" Width="4" Height="4" BackColor="0xFFFFFFFF" />
    <Shape Type="Rectangle" Left="398" Top="46" Width="4" Height="4" BackColor="0xFFFFFFFF" />
    <Shape Type="Rectangle" Left="430" Top="46" Width="4" Height="4" BackColor="0xFFFFFFFF" />
    <Shape Type="Rectangle" Left="462" Top="46" Width="4" Height="4" BackColor="0xFFFFFFFF" />
    <Shape Type="Rectangle" Left="494" Top="46" Width="4" Height="4" BackColor="0xFFFFFFFF" />
    <Shape Type="Rectangle" Left="526" Top="46" Width="4" Height="4" BackColor="0xFFFFFFFF" />
    <Shape Type="Rectangle" Left="558" Top="46" Width="4" Height="4" BackColor="0xFFFFFFFF" />
    <Shape Type="Rectangle" Left="590" Top="46" Width="4" Height="4" BackColor="0xFFFFFFFF" />
    <Shape Type="Rectangle" Left="622" Top="46" Width="4" Height="4" BackColor="0xFFFF0000" />
    <Shape Type="Rectangle" Left="14" Top="78" Width="4" Height="4" BackColor="0xFFFF0000" />
    <Shape Type="Rectangle" Left="46" Top="78" Width="4" Height="4" BackColor="0xFFFFFFFF" />
    <Shape Type="Rectangle" Left="78" Top="78" Width="4" Height="4" BackColor="0xFFFFFFFF" />
    <Shape Type="Rectangle" Left="110" Top="78" Width="4" Height="4" BackColor="0xFFFFFFFF" />
    <Shape Type="Rectangle" Left="142" Top="78" Width="4" Height="4" BackColor="0xFFFFFFFF" />
    <Shape Type="Rectangle" Left="174" Top="78" Width="4" Height="4" BackColor="0xFFFFFFFF" />
    <Shape Type="Rectangle" Left="206" Top="78" Width="4" Height="4" BackColor="0xFFFFFFFF" />
    <Shape Type="Rectangle" Left="238" Top="78" Width="4" Height="4" BackColor="0xFFFFFFFF" />
    <Shape Type="Rectangle" Left="270" Top="78" Width="4" Height="4" BackColor="0xFFFFFFFF" />
    <Shape Type="Rectangle" Left="302" Top="78" Width="4" Height="4" BackColor="0xFFFFFFFF" />
    <Shape Type="Rectangle" Left="334" Top="78" Width="4" Height="4" BackColor="0xFFFFFFFF" />
    <Shape Type="Rectangle" Left="366" Top="78" Width="4" Height="4" BackColor="0xFFFFFFFF" />
    <Shape Type="Rectangle" Left="398" Top="78" Width="4" Height="4" BackColor="0xFFFFFFFF" />
    <Shape Type="Rectangle" Left="430" Top="78" Width="4" Height="4" BackColor="0xFFFFFFFF" />
    <Shape Type="Rectangle" Left="462" Top="78" Width="4" Height="4" BackColor="0xFFFFFFFF" />
    <Shape Type="Rectangle" Left="494" Top="78" Width="4" Height="4" BackColor="0xFFFFFFFF" />
    <Shape Type="Rectangle" Left="526" Top="78" Width="4" Height="4" BackColor="0xFFFFFFFF" />
    <Shape Type="Rectangle" Left="558" Top="78" Width="4" Height="4" BackColor="0xFFFFFFFF" />
    <Shape Type="Rectangle" Left="590" Top="78" Width="4" Height="4" BackColor="0xFFFFFFFF" />
    <Shape Type="Rectangle" Left="622" Top="78" Width="4" Height="4" BackColor="0xFFFF0000" />
    <Shape Type="Rectangle" Left="14" Top="110" Width="4" Height="4" BackColor="0xFFFF0000" />
    <Shape Type="Rectangle" Left="46" Top="110" Width="4" Height="4" BackColor="0xFFFFFFFF" />
    <Shape Type="Rectangle" Left="78" Top="110" Width="4" Height="4" BackColor="0xFFFFFFFF" />
    <Shape Type="Rectangle" Left="110" Top="110" Width="4" Height="4" BackColor="0xFFFFFFFF" />
    <Shape Type="Rectangle" Left="142" Top="110" Width="4" Height="4" BackColor="0xFFFFFFFF" />
    <Shape Type="Rectangle" Left="174" Top="110" Width="4" Height="4" BackColor="0xFFFFFFFF" />
    <Shape Type="Rectangle" Left="206" Top="110" Width="4" Height="4" BackColor="0xFFFFFFFF" />
    <Shape Type="Rectangle" Left="238" Top="110" Width="4" Height="4" BackColor="0xFFFFFFFF" />
    <Shape Type="Rectangle" Left="270" Top="110" Width="4" Height="4" BackColor="0xFFFFFFFF" />
    <Shape Type="Rectangle" Left="302" Top="110" Width="4" Height="4" BackColor="0xFFFFFFFF" />
    <Shape Type="Rectangle" Left="334" Top="110" Width="4" Height="4" BackColor="0xFFFFFFFF" />
    <Shape Type="Rectangle" Left="366" Top="110" Width="4" Height="4" BackColor="0xFFFFFFFF" />
    <Shape Type="Rectangle" Left="398" Top="110" Width="4" Height="4" BackColor="0xFFFFFFFF" />
    <Shape Type="Rectangle" Left="430" Top="110" Width="4" Height="4" BackColor="0xFFFFFFFF" />
    <Shape Type="Rectangle" Left="462" Top="110" Width="4" Height="4" BackColor="0xFFFFFFFF" />
    <Shape Type="Rectangle" Left="494" Top="110" Width="4" Height="4" BackColor="0xFFFFFFFF" />
    <Shape Type="Rectangle" Left="526" Top="110" Width="4" Height="4" BackColor="0xFFFFFFFF" />
    <Shape Type="Rectangle" Left="558" Top="110" Width="4" Height="4" BackColor="0xFFFFFFFF" />
    <Shape Type="Rectangle" Left="590" Top="110" Width="4" Height="4" BackColor="0xFFFFFFFF" />
    <Shape Type="Rectangle" Left="622" Top="110" Width="4" Height="4" BackColor="0xFFFF0000" />
    <Shape Type="Rectangle" Left="14" Top="142" Width="4" Height="4" BackColor="0xFFFF0000" />
    <Shape Type="Rectangle" Left="46" Top="142" Width="4" Height="4" BackColor="0xFFFFFFFF" />
    <Shape Type="Rectangle" Left="78" Top="142" Width="4" Height="4" BackColor="0xFFFFFFFF" />
    <Shape Type="Rectangle" Left="110" Top="142" Width="4" Height="4" BackColor="0xFFFFFFFF" />
    <Shape Type="Rectangle" Left="142" Top="142" Width="4" Height="4" BackColor="0xFFFFFFFF" />
    <Shape Type="Rectangle" Left="174" Top="142" Width="4" Height="4" BackColor="0xFFFFFFFF" />
    <Shape Type="Rectangle" Left="206" Top="142" Width="4" Height="4" BackColor="0xFFFFFFFF" />
    <Shape Type="Rectangle" Left="238" Top="142" Width="4" Height="4" BackColor="0xFFFFFFFF" />
    <Shape Type="Rectangle" Left="270" Top="142" Width="4" Height="4" BackColor="0xFFFFFFFF" />
    <Shape Type="Rectangle" Left="302" Top="142" Width="4" Height="4" BackColor="0xFFFFFFFF" />
    <Shape Type="Rectangle" Left="334" Top="142" Width="4" Height="4" BackColor="0xFFFFFFFF" />
    <Shape Type="Rectangle" Left="366" Top="142" Width="4" Height="4" BackColor="0xFFFFFFFF" />
    <Shape Type="Rectangle" Left="398" Top="142" Width="4" Height="4" BackColor="0xFFFFFFFF" />
    <Shape Type="Rectangle" Left="430" Top="142" Width="4" Height="4" BackColor="0xFFFFFFFF" />
    <Shape Type="Rectangle" Left="462" Top="142" Width="4" Height="4" BackColor="0xFFFFFFFF" />
    <Shape Type="Rectangle" Left="494" Top="142" Width="4" Height="4" BackColor="0xFFFFFFFF" />
    <Shape Type="Rectangle" Left="526" Top="142" Width="4" Height="4" BackColor="0xFFFFFFFF" />
    <Shape Type="Rectangle" Left="558" Top="142" Width="4" Height="4" BackColor="0xFFFFFFFF" />
    <Shape Type="Rectangle" Left="590" Top="142" Width="4" Height="4" BackColor="0xFFFFFFFF" />
    <Shape Type="Rectangle" Left="622" Top="142" Width="4" Height="4" BackColor="0xFFFF0000" />
    <Shape Type="Rectangle" Left="14" Top="174" Width="4" Height="4" BackColor="0xFFFF0000" />
    <Shape Type="Rectangle" Left="46" Top="174" Width="4" Height="4" BackColor="0xFFFFFFFF" />
    <Shape Type="Rectangle" Left="78" Top="174" Width="4" Height="4" BackColor="0xFFFFFFFF" />
    <Shape Type="Rectangle" Left="110" Top="174" Width="4" Height="4" BackColor="0xFFFFFFFF" />
    <Shape Type="Rectangle" Left="142" Top="174" Width="4" Height="4" BackColor="0xFFFFFFFF" />
    <Shape Type="Rectangle" Left="174" Top="174" Width="4" Height="4" BackColor="0xFFFFFFFF" />
    <Shape Type="Rectangle" Left="206" Top="174" Width="4" Height="4" BackColor="0xFFFFFFFF" />
    <Shape Type="Rectangle" Left="238" Top="174" Width="4" Height="4" BackColor="0xFFFFFFFF" />
    <Shape Type="Rectangle" Left="270" Top="174" Width="4" Height="4" BackColor="0xFFFFFFFF" />
    <Shape Type="Rectangle" Left="302" Top="174" Width="4" Height="4" BackColor="0xFFFFFFFF" />
    <Shape Type="Rectangle" Left="334" Top="174" Width="4" Height="4" BackColor="0xFFFFFFFF" />
    <Shape Type="Rectangle" Left="366" Top="174" Width="4" Height="4" BackColor="0xFFFFFFFF" />
    <Shape Type="Rectangle" Left="398" Top="174" Width="4" Height="4" BackColor="0xFFFFFFFF" />
    <Shape Type="Rectangle" Left="430" Top="174" Width="4" Height="4" BackColor="0xFFFFFFFF" />
    <Shape Type="Rectangle" Left="462" Top="174" Width="4" Height="4" BackColor="0xFFFFFFFF" />
    <Shape Type="Rectangle" Left="494" Top="174" Width="4" Height="4" BackColor="0xFFFFFFFF" />
    <Shape Type="Rectangle" Left="526" Top="174" Width="4" Height="4" BackColor="0xFFFFFFFF" />
    <Shape Type="Rectangle" Left="558" Top="174" Width="4" Height="4" BackColor="0xFFFFFFFF" />
    <Shape Type="Rectangle" Left="590" Top="174" Width="4" Height="4" BackColor="0xFFFFFFFF" />
    <Shape Type="Rectangle" Left="622" Top="174" Width="4" Height="4" BackColor="0xFFFF0000" />
    <Shape Type="Rectangle" Left="14" Top="206" Width="4" Height="4" BackColor="0xFFFF0000" />
    <Shape Type="Rectangle" Left="46" Top="206" Width="4" Height="4" BackColor="0xFFFFFFFF" />
    <Shape Type="Rectangle" Left="78" Top="206" Width="4" Height="4" BackColor="0xFFFFFFFF" />
    <Shape Type="Rectangle" Left="110" Top="206" Width="4" Height="4" BackColor="0xFFFFFFFF" />
    <Shape Type="Rectangle" Left="142" Top="206" Width="4" Height="4" BackColor="0xFFFFFFFF" />
    <Shape Type="Rectangle" Left="174" Top="206" Width="4" Height="4" BackColor="0xFFFFFFFF" />
    <Shape Type="Rectangle" Left="206" Top="206" Width="4" Height="4" BackColor="0xFFFFFFFF" />
    <Shape Type="Rectangle" Left="238" Top="206" Width="4" Height="4" BackColor="0xFFFFFFFF" />
    <Shape Type="Rectangle" Left="270" Top="206" Width="4" Height="4" BackColor="0xFFFFFFFF" />
    <Shape Type="Rectangle" Left="302" Top="206" Width="4" Height="4" BackColor="0xFFFFFFFF" />
    <Shape Type="Rectangle" Left="334" Top="206" Width="4" Height="4" BackColor="0xFFFFFFFF" />
    <Shape Type="Rectangle" Left="366" Top="206" Width="4" Height="4" BackColor="0xFFFFFFFF" />
    <Shape Type="Rectangle" Left="398" Top="206" Width="4" Height="4" BackColor="0xFFFFFFFF" />
    <Shape Type="Rectangle" Left="430" Top="206" Width="4" Height="4" BackColor="0xFFFFFFFF" />
    <Shape Type="Rectangle" Left="462" Top="206" Width="4" Height="4" BackColor="0xFFFFFFFF" />
    <Shape Type="Rectangle" Left="494" Top="206" Width="4" Height="4" BackColor="0xFFFFFFFF" />
    <Shape Type="Rectangle" Left="526" Top="206" Width="4" Height="4" BackColor="0xFFFFFFFF" />
    <Shape Type="Rectangle" Left="558" Top="206" Width="4" Height="4" BackColor="0xFFFFFFFF" />
    <Shape Type="Rectangle" Left="590" Top="206" Width="4" Height="4" BackColor="0xFFFFFFFF" />
    <Shape Type="Rectangle" Left="622" Top="206" Width="4" Height="4" BackColor="0xFFFF0000" />
    <Shape Type="Rectangle" Left="14" Top="238" Width="4" Height="4" BackColor="0xFFFF0000" />
    <Shape Type="Rectangle" Left="46" Top="238" Width="4" Height="4" BackColor="0xFFFFFFFF" />
    <Shape Type="Rectangle" Left="78" Top="238" Width="4" Height="4" BackColor="0xFFFFFFFF" />
    <Shape Type="Rectangle" Left="110" Top="238" Width="4" Height="4" BackColor="0xFFFFFFFF" />
    <Shape Type="Rectangle" Left="142" Top="238" Width="4" Height="4" BackColor="0xFFFFFFFF" />
    <Shape Type="Rectangle" Left="174" Top="238" Width="4" Height="4" BackColor="0xFFFFFFFF" />
    <Shape Type="Rectangle" Left="206" Top="238" Width="4" Height="4" BackColor="0xFFFFFFFF" />
    <Shape Type="Rectangle" Left="238" Top="238" Width="4" Height="4" BackColor="0xFFFFFFFF" />
    <Shape Type="Rectangle" Left="270" Top="238" Width="4" Height="4" BackColor="0xFFFFFFFF" />
    <Shape Type="Rectangle" Left="302" Top="238" Width="4" Height="4" BackColor="0xFFFFFFFF" />
    <Shape Type="Rectangle" Left="334" Top="238" Width="4" Height="4" BackColor="0xFFFFFFFF" />
    <Shape Type="Rectangle" Left="366" Top="238" Width="4" Height="4" BackColor="0xFFFFFFFF" />
    <Shape Type="Rectangle" Left="398" Top="238" Width="4" Height="4" BackColor="0xFFFFFFFF" />
    <Shape Type="Rectangle" Left="430" Top="238" Width="4" Height="4" BackColor="0xFFFFFFFF" />
    <Shape Type="Rectangle" Left="462" Top="238" Width="4" Height="4" BackColor="0xFFFFFFFF" />
    <Shape Type="Rectangle" Left="494" Top="238" Width="4" Height="4" BackColor="0xFFFFFFFF" />
    <Shape Type="Rectangle" Left="526" Top="238" Width="4" Height="4" BackColor="0xFFFFFFFF" />
    <Shape Type="Rectangle" Left="558" Top="238" Width="4" Height="4" BackColor="0xFFFFFFFF" />
    <Shape Type="Rectangle" Left="590" Top="238" Width="4" Height="4" BackColor="0xFFFFFFFF" />
    <Shape Type="Rectangle" Left="622" Top="238" Width="4" Height="4" BackColor="0xFFFF0000" />
    <Shape Type="Rectangle" Left="14" Top="270" Width="4" Height="4" BackColor="0xFFFF0000" />
    <Shape Type="Rectangle" Left="46" Top="270" Width="4" Height="4" BackColor="0xFFFFFFFF" />
    <Shape Type="Rectangle" Left="78" Top="270" Width="4" Height="4" BackColor="0xFFFFFFFF" />
    <Shape Type="Rectangle" Left="110" Top="270" Width="4" Height="4" BackColor="0xFFFFFFFF" />
    <Shape Type="Rectangle" Left="142" Top="270" Width="4" Height="4" BackColor="0xFFFFFFFF" />
    <Shape Type="Rectangle" Left="174" Top="270" Width="4" Height="4" BackColor="0xFFFFFFFF" />
    <Shape Type="Rectangle" Left="206" Top="270" Width="4" Height="4" BackColor="0xFFFFFFFF" />
    <Shape Type="Rectangle" Left="238" Top="270" Width="4" Height="4" BackColor="0xFFFFFFFF" />
    <Shape Type="Rectangle" Left="270" Top="270" Width="4" Height="4" BackColor="0xFFFFFFFF" />
    <Shape Type="Rectangle" Left="302" Top="270" Width="4" Height="4" BackColor="0xFFFFFFFF" />
    <Shape Type="Rectangle" Left="334" Top="270" Width="4" Height="4" BackColor="0xFFFFFFFF" />
    <Shape Type="Rectangle" Left="366" Top="270" Width="4" Height="4" BackColor="0xFFFFFFFF" />
    <Shape Type="Rectangle" Left="398" Top="270" Width="4" Height="4" BackColor="0xFFFFFFFF" />
    <Shape Type="Rectangle" Left="430" Top="270" Width="4" Height="4" BackColor="0xFFFFFFFF" />
    <Shape Type="Rectangle" Left="462" Top="270" Width="4" Height="4" BackColor="0xFFFFFFFF" />
    <Shape Type="Rectangle" Left="494" Top="270" Width="4" Height="4" BackColor="0xFFFFFFFF" />
    <Shape Type="Rectangle" Left="526" Top="270" Width="4" Height="4" BackColor="0xFFFFFFFF" />
    <Shape Type="Rectangle" Left="558" Top="270" Width="4" Height="4" BackColor="0xFFFFFFFF" />
    <Shape Type="Rectangle" Left="590" Top="270" Width="4" Height="4" BackColor="0xFFFFFFFF" />
    <Shape Type="Rectangle" Left="622" Top="270" Width="4" Height="4" BackColor="0xFFFF0000" />
    <Shape Type="Rectangle" Left="14" Top="302" Width="4" Height="4" BackColor="0xFFFF0000" />
    <Shape Type="Rectangle" Left="46" Top="302" Width="4" Height="4" BackColor="0xFFFFFFFF" />
    <Shape Type="Rectangle" Left="78" Top="302" Width="4" Height="4" BackColor="0xFFFFFFFF" />
    <Shape Type="Rectangle" Left="110" Top="302" Width="4" Height="4" BackColor="0xFFFFFFFF" />
    <Shape Type="Rectangle" Left="142" Top="302" Width="4" Height="4" BackColor="0xFFFFFFFF" />
    <Shape Type="Rectangle" Left="174" Top="302" Width="4" Height="4" BackColor="0xFFFFFFFF" />
    <Shape Type="Rectangle" Left="206" Top="302" Width="4" Height="4" BackColor="0xFFFFFFFF" />
    <Shape Type="Rectangle" Left="238" Top="302" Width="4" Height="4" BackColor="0xFFFFFFFF" />
    <Shape Type="Rectangle" Left="270" Top="302" Width="4" Height="4" BackColor="0xFFFFFFFF" />
    <Shape Type="Rectangle" Left="302" Top="302" Width="4" Height="4" BackColor="0xFFFFFFFF" />
    <Shape Type="Rectangle" Left="334" Top="302" Width="4" Height="4" BackColor="0xFFFFFFFF" />
    <Shape Type="Rectangle" Left="366" Top="302" Width="4" Height="4" BackColor="0xFFFFFFFF" />
    <Shape Type="Rectangle" Left="398" Top="302" Width="4" Height="4" BackColor="0xFFFFFFFF" />
    <Shape Type="Rectangle" Left="430" Top="302" Width="4" Height="4" BackColor="0xFFFFFFFF" />
    <Shape Type="Rectangle" Left="462" Top="302" Width="4" Height="4" BackColor="0xFFFFFFFF" />
    <Shape Type="Rectangle" Left="494" Top="302" Width="4" Height="4" BackColor="0xFFFFFFFF" />
    <Shape Type="Rectangle" Left="526" Top="302" Width="4" Height="4" BackColor="0xFFFFFFFF" />
    <Shape Type="Rectangle" Left="558" Top="302" Width="4" Height="4" BackColor="0xFFFFFFFF" />
    <Shape Type="Rectangle" Left="590" Top="302" Width="4" Height="4" BackColor="0xFFFFFFFF" />
    <Shape Type="Rectangle" Left="622" Top="302" Width="4" Height="4" BackColor="0xFFFF0000" />
    <Shape Type="Rectangle" Left="14" Top="334" Width="4" Height="4" BackColor="0xFFFF0000" />
    <Shape Type="Rectangle" Left="46" Top="334" Width="4" Height="4" BackColor="0xFFFFFFFF" />
    <Shape Type="Rectangle" Left="78" Top="334" Width="4" Height="4" BackColor="0xFFFFFFFF" />
    <Shape Type="Rectangle" Left="110" Top="334" Width="4" Height="4" BackColor="0xFFFFFFFF" />
    <Shape Type="Rectangle" Left="142" Top="334" Width="4" Height="4" BackColor="0xFFFFFFFF" />
    <Shape Type="Rectangle" Left="174" Top="334" Width="4" Height="4" BackColor="0xFFFFFFFF" />
    <Shape Type="Rectangle" Left="206" Top="334" Width="4" Height="4" BackColor="0xFFFFFFFF" />
    <Shape Type="Rectangle" Left="238" Top="334" Width="4" Height="4" BackColor="0xFFFFFFFF" />
    <Shape Type="Rectangle" Left="270" Top="334" Width="4" Height="4" BackColor="0xFFFFFFFF" />
    <Shape Type="Rectangle" Left="302" Top="334" Width="4" Height="4" BackColor="0xFFFFFFFF" />
    <Shape Type="Rectangle" Left="334" Top="334" Width="4" Height="4" BackColor="0xFFFFFFFF" />
    <Shape Type="Rectangle" Left="366" Top="334" Width="4" Height="4" BackColor="0xFFFFFFFF" />
    <Shape Type="Rectangle" Left="398" Top="334" Width="4" Height="4" BackColor="0xFFFFFFFF" />
    <Shape Type="Rectangle" Left="430" Top="334" Width="4" Height="4" BackColor="0xFFFFFFFF" />
    <Shape Type="Rectangle" Left="462" Top="334" Width="4" Height="4" BackColor="0xFFFFFFFF" />
    <Shape Type="Rectangle" Left="494" Top="334" Width="4" Height="4" BackColor="0xFFFFFFFF" />
    <Shape Type="Rectangle" Left="526" Top="334" Width="4" Height="4" BackColor="0xFFFFFFFF" />
    <Shape Type="Rectangle" Left="558" Top="334" Width="4" Height="4" BackColor="0xFFFFFFFF" />
    <Shape Type="Rectangle" Left="590" Top="334" Width="4" Height="4" BackColor="0xFFFFFFFF" />
    <Shape Type="Rectangle" Left="622" Top="334" Width="4" Height="4" BackColor="0xFFFF0000" />
    <Shape Type="Rectangle" Left="14" Top="366" Width="4" Height="4" BackColor="0xFFFF0000" />
    <Shape Type="Rectangle" Left="46" Top="366" Width="4" Height="4" BackColor="0xFFFFFFFF" />
    <Shape Type="Rectangle" Left="78" Top="366" Width="4" Height="4" BackColor="0xFFFFFFFF" />
    <Shape Type="Rectangle" Left="110" Top="366" Width="4" Height="4" BackColor="0xFFFFFFFF" />
    <Shape Type="Rectangle" Left="142" Top="366" Width="4" Height="4" BackColor="0xFFFFFFFF" />
    <Shape Type="Rectangle" Left="174" Top="366" Width="4" Height="4" BackColor="0xFFFFFFFF" />
    <Shape Type="Rectangle" Left="206" Top="366" Width="4" Height="4" BackColor="0xFFFFFFFF" />
    <Shape Type="Rectangle" Left="238" Top="366" Width="4" Height="4" BackColor="0xFFFFFFFF" />
    <Shape Type="Rectangle" Left="270" Top="366" Width="4" Height="4" BackColor="0xFFFFFFFF" />
    <Shape Type="Rectangle" Left="302" Top="366" Width="4" Height="4" BackColor="0xFFFFFFFF" />
    <Shape Type="Rectangle" Left="334" Top="366" Width="4" Height="4" BackColor="0xFFFFFFFF" />
    <Shape Type="Rectangle" Left="366" Top="366" Width="4" Height="4" BackColor="0xFFFFFFFF" />
    <Shape Type="Rectangle" Left="398" Top="366" Width="4" Height="4" BackColor="0xFFFFFFFF" />
    <Shape Type="Rectangle" Left="430" Top="366" Width="4" Height="4" BackColor="0xFFFFFFFF" />
    <Shape Type="Rectangle" Left="462" Top="366" Width="4" Height="4" BackColor="0xFFFFFFFF" />
    <Shape Type="Rectangle" Left="494" Top="366" Width="4" Height="4" BackColor="0xFFFFFFFF" />
    <Shape Type="Rectangle" Left="526" Top="366" Width="4" Height="4" BackColor="0xFFFFFFFF" />
    <Shape Type="Rectangle" Left="558" Top="366" Width="4" Height="4" BackColor="0xFFFFFFFF" />
    <Shape Type="Rectangle" Left="590" Top="366" Width="4" Height="4" BackColor="0xFFFFFFFF" />
    <Shape Type="Rectangle" Left="622" Top="366" Width="4" Height="4" BackColor="0xFFFF0000" />
    <Shape Type="Rectangle" Left="14" Top="398" Width="4" Height="4" BackColor="0xFFFF0000" />
    <Shape Type="Rectangle" Left="46" Top="398" Width="4" Height="4" BackColor="0xFFFFFFFF" />
    <Shape Type="Rectangle" Left="78" Top="398" Width="4" Height="4" BackColor="0xFFFFFFFF" />
    <Shape Type="Rectangle" Left="110" Top="398" Width="4" Height="4" BackColor="0xFFFFFFFF" />
    <Shape Type="Rectangle" Left="142" Top="398" Width="4" Height="4" BackColor="0xFFFFFFFF" />
    <Shape Type="Rectangle" Left="174" Top="398" Width="4" Height="4" BackColor="0xFFFFFFFF" />
    <Shape Type="Rectangle" Left="206" Top="398" Width="4" Height="4" BackColor="0xFFFFFFFF" />
    <Shape Type="Rectangle" Left="238" Top="398" Width="4" Height="4" BackColor="0xFFFFFFFF" />
    <Shape Type="Rectangle" Left="270" Top="398" Width="4" Height="4" BackColor="0xFFFFFFFF" />
    <Shape Type="Rectangle" Left="302" Top="398" Width="4" Height="4" BackColor="0xFFFFFFFF" />
    <Shape Type="Rectangle" Left="334" Top="398" Width="4" Height="4" BackColor="0xFFFFFFFF" />
    <Shape Type="Rectangle" Left="366" Top="398" Width="4" Height="4" BackColor="0xFFFFFFFF" />
    <Shape Type="Rectangle" Left="398" Top="398" Width="4" Height="4" BackColor="0xFFFFFFFF" />
    <Shape Type="Rectangle" Left="430" Top="398" Width="4" Height="4" BackColor="0xFFFFFFFF" />
    <Shape Type="Rectangle" Left="462" Top="398" Width="4" Height="4" BackColor="0xFFFFFFFF" />
    <Shape Type="Rectangle" Left="494" Top="398" Width="4" Height="4" BackColor="0xFFFFFFFF" />
    <Shape Type="Rectangle" Left="526" Top="398" Width="4" Height="4" BackColor="0xFFFFFFFF" />
    <Shape Type="Rectangle" Left="558" Top="398" Width="4" Height="4" BackColor="0xFFFFFFFF" />
    <Shape Type="Rectangle" Left="590" Top="398" Width="4" Height="4" BackColor="0xFFFFFFFF" />
    <Shape Type="Rectangle" Left="622" Top="398" Width="4" Height="4" BackColor="0xFFFF0000" />
    <Shape Type="Rectangle" Left="14" Top="430" Width="4" Height="4" BackColor="0xFFFF0000" />
    <Shape Type="Rectangle" Left="46" Top="430" Width="4" Height="4" BackColor="0xFFFFFFFF" />
    <Shape Type="Rectangle" Left="78" Top="430" Width="4" Height="4" BackColor="0xFFFFFFFF" />
    <Shape Type="Rectangle" Left="110" Top="430" Width="4" Height="4" BackColor="0xFFFFFFFF" />
    <Shape Type="Rectangle" Left="142" Top="430" Width="4" Height="4" BackColor="0xFFFFFFFF" />
    <Shape Type="Rectangle" Left="174" Top="430" Width="4" Height="4" BackColor="0xFFFFFFFF" />
    <Shape Type="Rectangle" Left="206" Top="430" Width="4" Height="4" BackColor="0xFFFFFFFF" />
    <Shape Type="Rectangle" Left="238" Top="430" Width="4" Height="4" BackColor="0xFFFFFFFF" />
    <Shape Type="Rectangle" Left="270" Top="430" Width="4" Height="4" BackColor="0xFFFFFFFF" />
    <Shape Type="Rectangle" Left="302" Top="430" Width="4" Height="4" BackColor="0xFFFFFFFF" />
    <Shape Type="Rectangle" Left="334" Top="430" Width="4" Height="4" BackColor="0xFFFFFFFF" />
    <Shape Type="Rectangle" Left="366" Top="430" Width="4" Height="4" BackColor="0xFFFFFFFF" />
    <Shape Type="Rectangle" Left="398" Top="430" Width="4" Height="4" BackColor="0xFFFFFFFF" />
    <Shape Type="Rectangle" Left="430" Top="430" Width="4" Height="4" BackColor="0xFFFFFFFF" />
    <Shape Type="Rectangle" Left="462" Top="430" Width="4" Height="4" BackColor="0xFFFFFFFF" />
    <Shape Type="Rectangle" Left="494" Top="430" Width="4" Height="4" BackColor="0xFFFFFFFF" />
    <Shape Type="Rectangle" Left="526" Top="430" Width="4" Height="4" BackColor="0xFFFFFFFF" />
    <Shape Type="Rectangle" Left="558" Top="430" Width="4" Height="4" BackColor="0xFFFFFFFF" />
    <Shape Type="Rectangle" Left="590" Top="430" Width="4" Height="4" BackColor="0xFFFFFFFF" />
    <Shape Type="Rectangle" Left="622" Top="430" Width="4" Height="4" BackColor="0xFFFF0000" />
    <Shape Type="Rectangle" Left="14" Top="462" Width="4" Height="4" BackColor="0xFFFF0000" />
    <Shape Type="Rectangle" Left="46" Top="462" Width="4" Height="4" BackColor="0xFFFF0000" />
    <Shape Type="Rectangle" Left="78" Top="462" Width="4" Height="4" BackColor="0xFFFF0000" />
    <Shape Type="Rectangle" Left="110" Top="462" Width="4" Height="4" BackColor="0xFFFF0000" />
    <Shape Type="Rectangle" Left="142" Top="462" Width="4" Height="4" BackColor="0xFFFF0000" />
    <Shape Type="Rectangle" Left="174" Top="462" Width="4" Height="4" BackColor="0xFFFF0000" />
    <Shape Type="Rectangle" Left="206" Top="462" Width="4" Height="4" BackColor="0xFFFF0000" />
    <Shape Type="Rectangle" Left="238" Top="462" Width="4" Height="4" BackColor="0xFFFF0000" />
    <Shape Type="Rectangle" Left="270" Top="462" Width="4" Height="4" BackColor="0xFFFF0000" />
    <Shape Type="Rectangle" Left="302" Top="462" Width="4" Height="4" BackColor="0xFFFF0000" />
    <Shape Type="Rectangle" Left="334" Top="462" Width="4" Height="4" BackColor="0xFFFF0000" />
    <Shape Type="Rectangle" Left="366" Top="462" Width="4" Height="4" BackColor="0xFFFF0000" />
    <Shape Type="Rectangle" Left="398" Top="462" Width="4" Height="4" BackColor="0xFFFF0000" />
    <Shape Type="Rectangle" Left="430" Top="462" Width="4" Height="4" BackColor="0xFFFF0000" />
    <Shape Type="Rectangle" Left="462" Top="462" Width="4" Height="4" BackColor="0xFFFF0000" />
    <Shape Type="Rectangle" Left="494" Top="462" Width="4" Height="4" BackColor="0xFFFF0000" />
    <Shape Type="Rectangle" Left="526" Top="462" Width="4" Height="4" BackColor="0xFFFF0000" />
    <Shape Type="Rectangle" Left="558" Top="462" Width="4" Height="4" BackColor="0xFFFF0000" />
    <Shape Type="Rectangle" Left="590" Top="462" Width="4" Height="4" BackColor="0xFFFF0000" />
    <Shape Type="Rectangle" Left="622" Top="462" Width="4" Height="4" BackColor="0xFFFF0000" />
  </Main>
</Skin>
